id,content,url,title,objectkey
1,"<DIV class=""modal-dialog""><DIV class=""modal-content border border-secondary rounded""><DIV class=""modal-header""><H5 class=""modal-title"" id=""exampleModalLabel"">Welcome and Overview</H5><BUTTON aria-label=""Close"" class=""btn-close"" data-bs-dismiss=""modal"" type=""button""/></DIV><DIV class=""modal-body""><P>In this module, you will learn about the features, benefits and key capabilities of the Kofax RPA solution.</P><P> </P><P><STRONG>Module Objectives:</STRONG></P><UL><LI>List and describe the features and benefits of Kofax RPA as it relates to creating and administering robots.</LI><LI>Explain how Kofax RPA fits into the Kofax Intelligent Automation Platform.</LI><LI>List and locate technical resources, training, and support for Kofax RPA.</LI></UL><P><STRONG>Prerequisites:</STRONG></P><UL><LI>None</LI></UL><P> </P><P><STRONG>Lessons:</STRONG></P><UL><LI><STRONG>Welcome to Kofax RPA Getting Started Training</STRONG><BR/>This lesson will introduce you to modules, overview and objectives of the getting started course.</LI><LI><STRONG>What is Kofax RPA?<BR/></STRONG>This lesson will cover Kofax RPA (robotic process automation) and explain the details about the fastest and most efficient way for you to acquire, enhance and deliver information from virtually any application or data source—including websites, portals, desktop applications and enterprise systems—without any coding. </LI></UL><P><SPAN><STRONG/></SPAN></P><P><SPAN><STRONG>Product Version(s):</STRONG> 11.0</SPAN></P></DIV><DIV class=""modal-footer""><BUTTON class=""btn btn-secondary"" data-bs-dismiss=""modal"" type=""button"">Close</BUTTON></DIV></DIV></DIV>",,Welcome and Overview,803c6f9f5b07ff7765244aeebcdafd1625f8989
2,"<DIV class=""modal-dialog""><DIV class=""modal-content border border-secondary rounded""><DIV class=""modal-header""><H5 class=""modal-title"" id=""exampleModalLabel"">Importing a Project into Design Studio</H5><BUTTON aria-label=""Close"" class=""btn-close"" data-bs-dismiss=""modal"" type=""button""/></DIV><DIV class=""modal-body""><P>In this module, we will take a look at how to import a project into Design Studio.</P><P/><P><STRONG><SPAN>Module Objectives:</SPAN></STRONG></P><UL><LI><SPAN>Define a library and project</SPAN></LI><LI><SPAN>Import a project to Design Studio</SPAN></LI></UL><P><SPAN><STRONG>Module Prerequisites:</STRONG></SPAN></P><UL><LI><SPAN>An understanding of Design Studio.</SPAN></LI><LI><SPAN>Completed Kofax RPA - Getting Started</SPAN></LI><LI><SPAN>To complete exercises have access to Kofax RPA Design Studio</SPAN></LI></UL><P><SPAN><STRONG>Lessons:</STRONG></SPAN></P><UL><LI><STRONG><SPAN>Project - Overview</SPAN><SPAN><BR/></SPAN></STRONG><SPAN>In this lesson, you will learn about the Try step and look at how it can be implemented in a Web Automation workflow.</SPAN></LI><LI><SPAN><STRONG>Your Turn<BR/></STRONG>In this lesson, you will practice working with the Try step.</SPAN></LI></UL><P><SPAN/></P><P><SPAN><STRONG>Product Version(s):</STRONG> 11.0</SPAN></P><P/></DIV><DIV class=""modal-footer""><BUTTON class=""btn btn-secondary"" data-bs-dismiss=""modal"" type=""button"">Close</BUTTON></DIV></DIV></DIV>",,Importing a Project into Design Studio,cc42b3dd6c682e48a660b716a48a8178438fd
3,"<DIV class=""modal-dialog""><DIV class=""modal-content border border-secondary rounded""><DIV class=""modal-header""><H5 class=""modal-title"" id=""exampleModalLabel"">Architecture and Components</H5><BUTTON aria-label=""Close"" class=""btn-close"" data-bs-dismiss=""modal"" type=""button""/></DIV><DIV class=""modal-body""><P>Whatever your involvement with Kofax RPA it is important to understand, some of the basic fundamentals.  In this module, you will learn the Kofax RPA architecture, its key components, and the licensing structure. </P><P/><P><STRONG><SPAN>Module Objectives:</SPAN></STRONG></P><UL><LI>Describe the Kofax RPA Architecture</LI><LI>Identify the Kofax RPA Components</LI><LI>Explain the Kofax RPA licensing structure</LI></UL><P><STRONG><SPAN>Prerequisites:</SPAN></STRONG></P><UL><LI>None</LI></UL><P/><P><SPAN><STRONG>Lesson:</STRONG></SPAN></P><UL><LI><STRONG><SPAN>Kofax RPA Architecture and Components</SPAN></STRONG><SPAN><BR/>This lesson will provide an overview of the architecture and components in Kofax RPA. </SPAN></LI></UL><P><SPAN><STRONG/></SPAN></P><P><SPAN><STRONG>Product Version(s):</STRONG> 11.0</SPAN></P></DIV><DIV class=""modal-footer""><BUTTON class=""btn btn-secondary"" data-bs-dismiss=""modal"" type=""button"">Close</BUTTON></DIV></DIV></DIV>",,Architecture and Components,882e9702c8917e9d767aa2d174067f2511fdbb
4,"<DIV class=""modal-dialog""><DIV class=""modal-content border border-secondary rounded""><DIV class=""modal-header""><H5 class=""modal-title"" id=""exampleModalLabel"">Software Installation (Optional)</H5><BUTTON aria-label=""Close"" class=""btn-close"" data-bs-dismiss=""modal"" type=""button""/></DIV><DIV class=""modal-body""><P>To help in your understanding of Kofax RPA we encourage you to follow along and do as we do in the demonstrations, to do this you will need access to Kofax RPA software. If you do not have access to the Kofax RPA software yet, then we will show you in this module how to register and download a trial version. You will then be able to follow along with demonstrations in future modules, helping you to understand Kofax RPA software.</P><P><STRONG>Module Objectives:</STRONG></P><UL><LI>Install the Kofax RPA Trial version on a single computer</LI></UL><P><STRONG>Prerequisites:</STRONG></P><UL><LI>None</LI></UL><P> <STRONG>Lesson: </STRONG></P><UL><LI><STRONG>Installing and Licensing Kofax RPA on a Single PC</STRONG><STRONG><BR/></STRONG>This lesson will cover the installation and licensing process when installing the trial version of Kofax RPA. </LI></UL><P><STRONG>Product Version(s):</STRONG> 11.0</P></DIV><DIV class=""modal-footer""><BUTTON class=""btn btn-secondary"" data-bs-dismiss=""modal"" type=""button"">Close</BUTTON></DIV></DIV></DIV>",,Software Installation (Optional),79cbd0ab5578f9a2184ec7ba55c4f387fedc1a
5,"<DIV class=""modal-dialog""><DIV class=""modal-content border border-secondary rounded""><DIV class=""modal-header""><H5 class=""modal-title"" id=""exampleModalLabel"">Exploring Components and Robots</H5><BUTTON aria-label=""Close"" class=""btn-close"" data-bs-dismiss=""modal"" type=""button""/></DIV><DIV class=""modal-body""><P>This module will cover an overview of the primary components of Kofax RPA along with robot basics including how to access existing robot examples.</P><P/><P><STRONG><SPAN>Module Objectives:</SPAN></STRONG></P><UL><LI>Navigate Design Studio.</LI><LI>Navigate the Management Console and its components.</LI><LI>Explain the structure of Kofax RPA robots.</LI></UL><P><STRONG><SPAN>Prerequisites:</SPAN></STRONG></P><UL><LI>None</LI></UL><P/><P><SPAN><STRONG>Lessons:</STRONG></SPAN></P><UL><LI><SPAN><STRONG>Kofax RPA Design Studio and Management Console</STRONG><BR/>This lesson will cover the Design Studio and Management Console components of Kofax RPA.<BR/></SPAN></LI><LI><STRONG><SPAN>Kofax RPA Robots</SPAN><BR/></STRONG><SPAN>This lesson will cover robot basics including how to access existing robot examples in Kofax RPA.</SPAN></LI></UL><P><SPAN/></P><P><SPAN><STRONG>Product Version(s):</STRONG> 11.0</SPAN></P></DIV><DIV class=""modal-footer""><BUTTON class=""btn btn-secondary"" data-bs-dismiss=""modal"" type=""button"">Close</BUTTON></DIV></DIV></DIV>",,Exploring Components and Robots,1dbabb6c8b9b5629e4c3db85702a64b150755c
6,"<DIV class=""modal-dialog""><DIV class=""modal-content border border-secondary rounded""><DIV class=""modal-header""><H5 class=""modal-title"" id=""exampleModalLabel"">Building Your First Robot</H5><BUTTON aria-label=""Close"" class=""btn-close"" data-bs-dismiss=""modal"" type=""button""/></DIV><DIV class=""modal-body""><P>In this module, you will be introduced to the various components of a robot and how to build a basic robot to pull information from a website.</P><P> </P><P><STRONG>Module Objectives:</STRONG></P><UL><LI>Create a project in Design Studio.</LI><LI>Configure a Web Automation robot to open a web page.</LI><LI>Add Types and Variables to a Web Automation workflow.</LI><LI>Configure a Web Automation workflow to extract information from a web page.</LI></UL><P><STRONG>Lessons:</STRONG></P><UL><LI><STRONG>Creating a Project</STRONG><BR/>In this lesson, we will take a look at how to create a Kofax RPA Project. A Project is the first building block of creating any robot. </LI><LI><STRONG>Creating a Robot</STRONG><BR/>In this lesson, you will learn how to create a Web Automation robot using Kofax RPA Design Studio.</LI><LI><STRONG>Creating Types and Adding Variables</STRONG><BR/>In this lesson, you will explore and create Types and Variables in Design Studio.</LI><LI><STRONG>Adding Steps to a Robot</STRONG><BR/>In this lesson, you will configure robot steps to extract specific information from a website.</LI></UL><P> </P><P><STRONG>Product Version(s):</STRONG> 11.0</P></DIV><DIV class=""modal-footer""><BUTTON class=""btn btn-secondary"" data-bs-dismiss=""modal"" type=""button"">Close</BUTTON></DIV></DIV></DIV>",,Building Your First Robot,433225f08cdbccd382a2e138a64489f9df9848
7,"<DIV class=""modal-dialog""><DIV class=""modal-content border border-secondary rounded""><DIV class=""modal-header""><H5 class=""modal-title"" id=""exampleModalLabel"">Web Automation Robot Design</H5><BUTTON aria-label=""Close"" class=""btn-close"" data-bs-dismiss=""modal"" type=""button""/></DIV><DIV class=""modal-body""><P>This module introduces you to the basic concepts of Robotic Process Automation, and how you can prepare for the advantages it can bring to you and your organization. We will look at how your organization can plan, prepare and design your workflows.</P><P>You can follow lessons in this module in a linear way, progressively building your knowledge and robot building skills as you advance lesson by lesson. You can also use the content in each lesson for reference material, returning at any point to refresh your learning skills.</P><P>You will then create a project and start to build a Web Automation workflow to capture information from a web page.                   </P><P><STRONG>Lessons:</STRONG></P><UL><LI><STRONG>Planning, Preparation and Design</STRONG><BR/>In this lesson, we will focus on organizational preparations you need to consider before implementing your robot. We will also take a look at how to choose the correct task to automate.</LI><LI><STRONG>Designing your robot</STRONG><BR/>In this lesson, you will learn how to record and map your chosen tasks so they can be quickly automated.</LI><LI><STRONG>Creating a Project</STRONG><BR/>In this lesson, we will take a look at how to create a Kofax RPA Project. A Project is the first building block of creating any robot.</LI><LI><STRONG>Creating a Web Automation Robot</STRONG><BR/>In this lesson, we will build a Web Automation Robot to load a web page.</LI><LI><STRONG>Creating Types and Adding Variables</STRONG><BR/>In this lesson, we will add complex types and variables to our workflow.</LI><LI><STRONG>Add Steps to a Web Automation Robot</STRONG><BR/>In this lesson, we will add steps to search for a product on a webpage, extract information and store it in a variable.</LI></UL><P> </P><P><STRONG>Product Version(s):</STRONG> 11.0</P></DIV><DIV class=""modal-footer""><BUTTON class=""btn btn-secondary"" data-bs-dismiss=""modal"" type=""button"">Close</BUTTON></DIV></DIV></DIV>",,Web Automation Robot Design,bfb053fd720c5ca7a3fdc21ee846a83616d99f5
8,"<DIV class=""modal-dialog""><DIV class=""modal-content border border-secondary rounded""><DIV class=""modal-header""><H5 class=""modal-title"" id=""exampleModalLabel"">Web Automation Workflow - Branches and For Each Loops</H5><BUTTON aria-label=""Close"" class=""btn-close"" data-bs-dismiss=""modal"" type=""button""/></DIV><DIV class=""modal-body""><P><STRONG>Module Overview:</STRONG></P><P>This module introduces you to the linear and non-linear robot execution. We will look at how to add branches to a workflow and review the order of execution.</P><P>We will also explore some For Each loops and configure these loops to iterate over items on a webpage.</P><P/><P><STRONG><SPAN>Module Objectives:</SPAN></STRONG></P><UL><LI>Add branches to a workflow.</LI><LI>Describe the difference between linear and non-linear robots.</LI><LI>Describe three different For Each loop action steps.</LI><LI>Configure the For Each Tag Path, For Each Tag and For each URL loop steps.</LI></UL><P><STRONG><SPAN>Module Prerequisites:</SPAN></STRONG></P><UL><LI>An understanding of Web Automation workflow.</LI><LI>Be able to navigate Design Studio.</LI><LI>To complete exercises have access to Kofax RPA</LI></UL><P><STRONG><SPAN>Lessons:</SPAN></STRONG></P><UL><LI><STRONG><SPAN>Branches</SPAN></STRONG><SPAN><BR/></SPAN>In this lesson, we will focus on adding branches to a workflow. We will review how robots execute steps in a workflow and discuss a robot&apos;s state.</LI><LI><STRONG><SPAN>For Each loop - Introduction</SPAN></STRONG><BR/>In this lesson, we will look at three For Each Loop action steps and review tag finders. We will also look at a scenario we will use for the remaining lessons of this module.</LI><LI><STRONG><SPAN>For Each loop - For Each Tag Path</SPAN></STRONG><SPAN><BR/></SPAN>In this lesson, we will look at how we can configure the For Each Tag Path action step to iterate over tags.<SPAN>      </SPAN></LI><LI><STRONG><SPAN>For Each loop - For Each Tag </SPAN></STRONG><SPAN><BR/></SPAN>In this lesson, we will look at how we can configure the For Each Tag action step to iterate over tags.</LI><LI><STRONG><SPAN>For Each loop - For Each URL</SPAN></STRONG><SPAN><BR/></SPAN>In this lesson, we will look at how we can configure the For Each URL action step to iterate over IMG elements on a webpage.</LI><LI><STRONG><SPAN>Your Turn</SPAN></STRONG><BR/>In this lesson, it&apos;s your turn to work through For Each loop action step configuration exercises.</LI></UL><P/><P><STRONG>Product Version(s):</STRONG><SPAN> 11.0</SPAN></P></DIV><DIV class=""modal-footer""><BUTTON class=""btn btn-secondary"" data-bs-dismiss=""modal"" type=""button"">Close</BUTTON></DIV></DIV></DIV>",,Web Automation Workflow - Branches and For Each Loops,a9732972e2cc2e6f46e04750be33f7115eb66a3
9,"<DIV class=""modal-dialog""><DIV class=""modal-content border border-secondary rounded""><DIV class=""modal-header""><H5 class=""modal-title"" id=""exampleModalLabel"">The Repeat-Next Loop</H5><BUTTON aria-label=""Close"" class=""btn-close"" data-bs-dismiss=""modal"" type=""button""/></DIV><DIV class=""modal-body""><P>In this module, we will take a look at the Repeat-Next loop and how we can implement it into a workflow to iterate over webpages.</P><P> </P><P><STRONG>Module Objectives:</STRONG></P><UL><LI>Describe the function and features of the Repeat-Next loop.</LI><LI>Add the Repeat-Next loop to a Web Automation workflow.</LI></UL><P><STRONG>Module Prerequisites:</STRONG></P><UL><LI>An understanding of Design Studio.</LI><LI>Completed Kofax RPA - Getting Started</LI><LI>To complete exercises have access to Kofax RPA</LI></UL><P> </P><P><STRONG>Lessons</STRONG>:</P><UL><LI><STRONG>The Repeat Step &amp; Next loop - Overview<BR/></STRONG>In this lesson, you will learn about the Repeat-Next loop and how it can be implemented in a Web Automation workflow.</LI><LI><STRONG>Your Turn<BR/></STRONG>In this lesson, you will practice working with the Repeat-Next loop.</LI></UL><P/><P><STRONG>Product Version(s):</STRONG><SPAN> 11.0</SPAN></P></DIV><DIV class=""modal-footer""><BUTTON class=""btn btn-secondary"" data-bs-dismiss=""modal"" type=""button"">Close</BUTTON></DIV></DIV></DIV>",,The Repeat-Next Loop,9a8b35c372d586fca84daf6bcc11d71cc9e53
10,"<DIV class=""modal-dialog""><DIV class=""modal-content border border-secondary rounded""><DIV class=""modal-header""><H5 class=""modal-title"" id=""exampleModalLabel"">The Try Step</H5><BUTTON aria-label=""Close"" class=""btn-close"" data-bs-dismiss=""modal"" type=""button""/></DIV><DIV class=""modal-body""><P>In this module, we will take a look at the Try Step and how we can implement it into a workflow.</P><P> </P><P><STRONG>Module Objectives:</STRONG></P><UL><LI>Describe the function and features of the Try step.</LI><LI>Describe different error handling options.</LI><LI>Add the Try step to a Web Automation workflow.</LI></UL><P><STRONG>Module Prerequisites:</STRONG></P><UL><LI>An understanding of Design Studio.</LI><LI>Completed Kofax RPA - Getting Started</LI><LI>To complete exercises have access to Kofax RPA</LI></UL><P><STRONG>Lessons:</STRONG></P><UL><LI><STRONG>The Try Step - Overview<BR/></STRONG>In this lesson, you will learn about the Try step and look at how it can be implemented in a Web Automation workflow.</LI><LI><STRONG>Your Turn<BR/></STRONG>In this lesson, you will practice working with the Try step.</LI></UL><P/><P><STRONG>Product Version(s):</STRONG><SPAN> 11.0</SPAN></P></DIV><DIV class=""modal-footer""><BUTTON class=""btn btn-secondary"" data-bs-dismiss=""modal"" type=""button"">Close</BUTTON></DIV></DIV></DIV>",,The Try Step,d268c543313158fdc7b56bb8149374d3ef3595a0
11,"<DIV class=""modal-dialog""><DIV class=""modal-content border border-secondary rounded""><DIV class=""modal-header""><H5 class=""modal-title"" id=""exampleModalLabel"">Development Database</H5><BUTTON aria-label=""Close"" class=""btn-close"" data-bs-dismiss=""modal"" type=""button""/></DIV><DIV class=""modal-body""><P>In this module, we will take a look at the Development Database, including its purpose and how to use it whilst building and developing your workflow. We will also explore some general information about databases and how to map to a production database.</P><P> </P><P><STRONG>Module Objectives:</STRONG></P><UL><LI>Describe the functionality and purpose of the Development Database.</LI><LI>Configure and map to the Development Database in Design Studio</LI><LI>Reconfigure a database mapping in Design Studio.</LI><LI>List configuration steps in Management Studio to configure a database.</LI></UL><P><STRONG>Module Prerequisites:</STRONG></P><UL><LI>An understanding of Design Studio.</LI><LI>Be able to navigate Management Console.</LI><LI>To complete exercises have access to Kofax RPA</LI></UL><P><STRONG>Lessons:</STRONG></P><UL><LI><STRONG>Overview - The Development Database<BR/></STRONG>In this lesson, you will learn what a Development Database is, including its purpose, its benefits and limitations.</LI><LI><STRONG>Configure the Database<BR/></STRONG>In this lesson, you will learn how to map to the Development Database and create a table in which to store data.</LI><LI><STRONG>Map to a Microsoft SQL Database<BR/></STRONG>In this lesson, you will learn how to re-map your workflow to a production database.</LI></UL><P/><P><STRONG>Product Version(s):</STRONG><SPAN> 11.0</SPAN></P></DIV><DIV class=""modal-footer""><BUTTON class=""btn btn-secondary"" data-bs-dismiss=""modal"" type=""button"">Close</BUTTON></DIV></DIV></DIV>",,Development Database,a74fe5107a234e1c222664416c82a335554562c
12,"<DIV class=""modal-dialog""><DIV class=""modal-content border border-secondary rounded""><DIV class=""modal-header""><H5 class=""modal-title"" id=""exampleModalLabel"">Working with Excel</H5><BUTTON aria-label=""Close"" class=""btn-close"" data-bs-dismiss=""modal"" type=""button""/></DIV><DIV class=""modal-body""><P><STRONG>Module Overview:</STRONG></P><P>In this module, you will learn how to move data from an Excel file and store it in the Development Database. </P><P> </P><P><STRONG>Module Objectives:</STRONG></P><UL><LI>Build a workflow to extract data from an Excel spreadsheet.</LI><LI>Configure the Development Database to store information from a variable.</LI><LI>Understand looping in Excel</LI></UL><P><STRONG>Module Prerequisites:</STRONG></P><UL><LI>An understanding of Design Studio.</LI><LI>Completed Kofax RPA  Learning Path - Web Automation Robot Basic Workflow</LI><LI>Have access to Kofax RPA</LI></UL><P><STRONG>Lessons:</STRONG></P><UL><LI><STRONG>Working with Excel - Overview<BR/></STRONG>In this lesson, we will focus on how to move data from an Excel Spreadsheet to a Database.</LI><LI><STRONG>Your Turn<BR/></STRONG>In this lesson, you will build a workflow to extract data from Excel and store it in the Development Database.</LI></UL><P/><P><STRONG>Product Version(s):</STRONG><SPAN> 11.0</SPAN></P></DIV><DIV class=""modal-footer""><BUTTON class=""btn btn-secondary"" data-bs-dismiss=""modal"" type=""button"">Close</BUTTON></DIV></DIV></DIV>",,Working with Excel,58b2dbc13518a3d52a7444630dddc3f32a0d74a
13,"<DIV class=""modal-dialog""><DIV class=""modal-content border border-secondary rounded""><DIV class=""modal-header""><H5 class=""modal-title"" id=""exampleModalLabel"">Working with Web Services</H5><BUTTON aria-label=""Close"" class=""btn-close"" data-bs-dismiss=""modal"" type=""button""/></DIV><DIV class=""modal-body""><P><STRONG>Module Overview:</STRONG></P><P>This module is an introduction to using web services in a robot workflow. After introducing some general concepts, several exercises are provided that guide you step by step in using REST-based web services.</P><P><STRONG>Module Objectives:</STRONG></P><P>After completing this module you should be able to</P><UL><LI>Understand which options are provided in Kofax RPA to connect to web services,</LI><LI>Understand the differences and commonalities of connecting to SOAP and REST-based web services,</LI><LI>Identify some of the Web services provided by RPA itself to run and queue robots,</LI><LI>Create robots that call REST web services.</LI></UL><P><STRONG>Module Prerequisites:</STRONG></P><P>To call the Google Translate Cloud service in this module&apos;s final lesson, you need to have a Google API key.</P></DIV><DIV class=""modal-footer""><BUTTON class=""btn btn-secondary"" data-bs-dismiss=""modal"" type=""button"">Close</BUTTON></DIV></DIV></DIV>",,Working with Web Services,1e17b9b01e94f6325d545ab869afb2546b83fa74
14,"<DIV class=""modal-dialog""><DIV class=""modal-content border border-secondary rounded""><DIV class=""modal-header""><H5 class=""modal-title"" id=""exampleModalLabel"">Kofax RPA Web Services</H5><BUTTON aria-label=""Close"" class=""btn-close"" data-bs-dismiss=""modal"" type=""button""/></DIV><DIV class=""modal-body""><P><STRONG>Module Overview:</STRONG></P><P>The RPA system also provides web services of its own that can be used for example to run or queue a robot. In this module, you will create robots that will use this functionality to start other robots, a scenario that could be the basis for a divide-and-conquer approach in more complex solutions.</P><P> </P><P><STRONG>Module Objectives:</STRONG></P><P>After completing this module you should be able to</P><UL><LI>Identify some of the Web services provided by RPA itself to run and queue robots</LI><LI>Create robots that call another robot using a Call REST Web Service step</LI><LI>Create robots queue other robots using the Kofax RPA tasks API</LI></UL><P><STRONG>Module Prerequisites:</STRONG></P><P>You will need access to the Management Console with enough privileges to run robots.</P><P> </P></DIV><DIV class=""modal-footer""><BUTTON class=""btn btn-secondary"" data-bs-dismiss=""modal"" type=""button"">Close</BUTTON></DIV></DIV></DIV>",,Kofax RPA Web Services,d76129e8ae11e5817e2b2e478877a4ca6dc76514
15,"<DIV class=""modal-dialog""><DIV class=""modal-content border border-secondary rounded""><DIV class=""modal-header""><H5 class=""modal-title"" id=""exampleModalLabel"">Using SOAP Web Services</H5><BUTTON aria-label=""Close"" class=""btn-close"" data-bs-dismiss=""modal"" type=""button""/></DIV><DIV class=""modal-body""><P><STRONG>Module Overview:</STRONG></P><P>This module concentrates on using SOAP-based web services,  a slightly older alternative to REST-based services that is still widely used, especially in enterprise applications. We take communication between Kofax RPA and Kofax Communication Manager as an example.</P><P> </P><P><STRONG>Module Objectives:</STRONG></P><P>After completing this module you should be able to</P><UL><LI>Understand which options are provided in Kofax RPA to connect to SOAP-based web services</LI><LI>Create robots that call SOAP web services, and in particular to</LI><LI>Understand how to communicate with the Kofax Communications Manager to produce documents.</LI></UL><P><STRONG>Module Prerequisites:</STRONG></P><P>You need to have access to an instance of Kofax Communications Manager but if you don&apos;t, you can skip the practical parts of the exercises. You are encouraged to read through the material and watch the demonstration videos to get a feel for the work involved.</P><P> </P></DIV><DIV class=""modal-footer""><BUTTON class=""btn btn-secondary"" data-bs-dismiss=""modal"" type=""button"">Close</BUTTON></DIV></DIV></DIV>",,Using SOAP Web Services,2446a35b50112d385eb8ba208c4cd1fa13a2413
16,"<DIV class=""modal-dialog""><DIV class=""modal-content border border-secondary rounded""><DIV class=""modal-header""><H5 class=""modal-title"" id=""exampleModalLabel"">AI Web Services with the Cloud AI step</H5><BUTTON aria-label=""Close"" class=""btn-close"" data-bs-dismiss=""modal"" type=""button""/></DIV><DIV class=""modal-body""><P><STRONG>Module Overview:</STRONG></P><P>This module introduces the Cloud AI step that is available in version 11.2. The Cloud AI step provides a low code alternative to using AI web services provided by major vendors.</P><P><STRONG>Module Objectives:</STRONG></P><P>After completing this module you should be able to</P><UL><LI>Create robots in version 11.2 of RPA that use the new Cloud AI step</LI><LI>Use the Cloud AI step to translate text using the Google Cloud Translate API</LI><LI>Use the Cloud AI step to identify objects in images using the Google Cloud Vision API</LI></UL><P><STRONG>Module Prerequisites:</STRONG></P><P>To call the Google Translate Cloud service you need to have a Google API key.</P></DIV><DIV class=""modal-footer""><BUTTON class=""btn btn-secondary"" data-bs-dismiss=""modal"" type=""button"">Close</BUTTON></DIV></DIV></DIV>",,AI Web Services with the Cloud AI step,c9ba88bd57c4f81630d6ab2019c54f4f465fc7
17,"<DIV class=""modal-dialog""><DIV class=""modal-content border border-secondary rounded""><DIV class=""modal-header""><H5 class=""modal-title"" id=""exampleModalLabel"">Email Triggers</H5><BUTTON aria-label=""Close"" class=""btn-close"" data-bs-dismiss=""modal"" type=""button""/></DIV><DIV class=""modal-body""><P><STRONG>Module Overview:</STRONG></P><P>You can set up your robots to start upon receiving emails from a certain email account. You can extract attachments, header information, and email content, or use emails, simply as a trigger to start robots. In this module, you will learn how to trigger robots by email.</P><P><STRONG>Module Objectives:</STRONG></P><UL><LI>Describe email triggers</LI><LI>Setup email triggers</LI><LI>Build a robot that processes email</LI></UL><P><STRONG>Module Prerequisites:</STRONG></P><UL><LI>None</LI></UL></DIV><DIV class=""modal-footer""><BUTTON class=""btn btn-secondary"" data-bs-dismiss=""modal"" type=""button"">Close</BUTTON></DIV></DIV></DIV>",,Email Triggers,89c55566e9df75c1b656fbb3c11f196121265653
18,"<DIV class=""modal-dialog""><DIV class=""modal-content border border-secondary rounded""><DIV class=""modal-header""><H5 class=""modal-title"" id=""exampleModalLabel"">Kapplets</H5><BUTTON aria-label=""Close"" class=""btn-close"" data-bs-dismiss=""modal"" type=""button""/></DIV><DIV class=""modal-body""><P>This module introduces the general concepts related to the Kapplets application and provides step-by-step exercises for several common tasks that involve the administration of Kapplets and a section on the installation of the Kapplets application on a Tomcat server.</P><P>The target audience is administrators who want to manage access to Kapplets. Note that the general concepts might be of interest to robot developers as well, but no separate module is provided on building robots that are used in Kapplets for the simple reason that <U>any </U>robot can be used in a Kapplet as well.</P></DIV><DIV class=""modal-footer""><BUTTON class=""btn btn-secondary"" data-bs-dismiss=""modal"" type=""button"">Close</BUTTON></DIV></DIV></DIV>",,Kapplets,944e8d1a60ada9a9bc83da9a4cdf402d38430
19,"<DIV class=""modal-dialog""><DIV class=""modal-content border border-secondary rounded""><DIV class=""modal-header""><H5 class=""modal-title"" id=""exampleModalLabel"">The Password Store</H5><BUTTON aria-label=""Close"" class=""btn-close"" data-bs-dismiss=""modal"" type=""button""/></DIV><DIV class=""modal-body""><P><STRONG>Module Overview:</STRONG></P><P>This module introduces the general concepts related to the Password Store and provides step-by-step exercises for several common tasks that involve the administration of password entries and retrieving passwords inside a robot workflow. The target audience is administrators who want to manage the Password Store and robot developers who want to use passwords from the password store in a robot workflow.</P><P><STRONG>Module Objectives:</STRONG></P><P>After completing this module you should be able to</P><UL><LI>Describe the Password Store</LI><LI>Perform common tasks regarding the Password Store</LI></UL><P><STRONG>Module Prerequisites:</STRONG></P><P>None</P></DIV><DIV class=""modal-footer""><BUTTON class=""btn btn-secondary"" data-bs-dismiss=""modal"" type=""button"">Close</BUTTON></DIV></DIV></DIV>",,The Password Store,9519a8d061996fca97db37282a14fe3eb699d
20,"<DIV class=""modal-dialog""><DIV class=""modal-content border border-secondary rounded""><DIV class=""modal-header""><H5 class=""modal-title"" id=""exampleModalLabel"">Introduction</H5><BUTTON aria-label=""Close"" class=""btn-close"" data-bs-dismiss=""modal"" type=""button""/></DIV><DIV class=""modal-body""><P>In Kofax RPA you can create Desktop Automation robots that can automate work processes involving Windows and Java applications on your networked computers. Because desktop Automation is different from web automation, Design Studio has a dedicated workflow language and steps for this purpose. In this module, we will explore the differences in functionality between the Desktop Automation workflow and the Web Automation workflow. We will introduce you to the procedure for editing a Desktop Automation workflow and build a simple Desktop Automation robot. </P><P/><UL><LI><SPAN><STRONG>Introduction to Desktop Automation Workflow</STRONG><BR/>In this lesson, you will learn what Desktop Automation is and how it can be used for a robot.</SPAN></LI><LI><STRONG><SPAN>Overview of editing a Desktop Automation workflow</SPAN></STRONG><SPAN><BR/></SPAN><SPAN>In this lesson, you will review the capabilities of the Desktop Automation workflow editor and review some relevant components</SPAN></LI><LI><STRONG><SPAN>Build a Simple Desktop Automation Workflow </SPAN></STRONG><BR/><SPAN>In this lesson, you will create a simple Desktop Automated workflow which is controlled by a Web Automated robot.</SPAN></LI></UL><P><SPAN><STRONG>Prerequisites</STRONG></SPAN></P><P><SPAN>This module assumes that you are familiar with Web Automated robot concepts and you have completed the Kofax RPA Getting Started Learning path.</SPAN></P><P><SPAN/></P><P><SPAN><STRONG>Product Version(s):</STRONG> 11.0</SPAN></P></DIV><DIV class=""modal-footer""><BUTTON class=""btn btn-secondary"" data-bs-dismiss=""modal"" type=""button"">Close</BUTTON></DIV></DIV></DIV>",,Introduction,90951f911f3cbf51786916032b01c67ca27ed
21,"<DIV class=""modal-dialog""><DIV class=""modal-content border border-secondary rounded""><DIV class=""modal-header""><H5 class=""modal-title"" id=""exampleModalLabel"">Opening and Closing a Web Page</H5><BUTTON aria-label=""Close"" class=""btn-close"" data-bs-dismiss=""modal"" type=""button""/></DIV><DIV class=""modal-body""><P>In Kofax RPA you can create Desktop Automation robots that can automate work processes that involve interaction with applications, including Windows and Java applications on your networked computers. Because desktop Automation is different from web automation, Design Studio has a dedicated workflow language and steps for this purpose. In this module, we will build a workflow which will open a webpage, extract information and close the web page. </P><P/><P><STRONG><SPAN>Module Learning Objectives:</SPAN></STRONG></P><UL><LI><SPAN>Create a Desktop Automation Workflow<BR/></SPAN></LI><LI><SPAN>Call Desktop Automation robots from a Web Automation robot</SPAN></LI><LI><SPAN>Work with the Chromium browser</SPAN></LI><LI><SPAN>Understand Guarded steps</SPAN></LI></UL><P><STRONG><SPAN>Lesson overviews:<BR/></SPAN></STRONG></P><UL><LI><SPAN><STRONG>Overview</STRONG><BR/>In this lesson, we will explain what a Desktop Automation workflow is and introduce you to the scenario we will build a workflow for.</SPAN></LI><LI><SPAN><STRONG>Opening and closing a web page</STRONG><BR/>In this lesson, you will learn how to call and configure Desktop Automation robots to open and close a web page.</SPAN></LI><LI><SPAN><STRONG>Retrieving category link information </STRONG><BR/>In this lesson, you will learn how to configure Desktop Automation robots to retrieve links to individual product categories and work with variables.</SPAN></LI></UL><P><SPAN><STRONG>Prerequisites</STRONG></SPAN></P><P><SPAN>This module assumes that you are familiar with Web Automation workflow concepts and that you have completed the Kofax RPA Getting Started Learning path.</SPAN></P><P><SPAN/></P><P><SPAN><STRONG>Product Version(s):</STRONG> 11.0</SPAN></P></DIV><DIV class=""modal-footer""><BUTTON class=""btn btn-secondary"" data-bs-dismiss=""modal"" type=""button"">Close</BUTTON></DIV></DIV></DIV>",,Opening and Closing a Web Page,28f4a0d7b945f9be4e977a57a3f17d4d63bfc7e
22,"<DIV class=""modal-dialog""><DIV class=""modal-content border border-secondary rounded""><DIV class=""modal-header""><H5 class=""modal-title"" id=""exampleModalLabel"">Extracting information</H5><BUTTON aria-label=""Close"" class=""btn-close"" data-bs-dismiss=""modal"" type=""button""/></DIV><DIV class=""modal-body""><P>In Kofax RPA you can create Desktop Automation robots that can automate work processes that involve interaction with applications, including Windows and Java applications on your networked computers. Because desktop Automation is different from web automation, Design Studio has a dedicated workflow language and steps for this purpose. In this module, we will build a workflow which will loop over webpages and retrieve information from individual product webpages on the Hardy Hardware web site. </P><P/><P><STRONG><SPAN>Module Learning Objectives:</SPAN></STRONG></P><UL><LI>Configure the For Each Text part Action step to extract information from a comma-separated list.</LI><LI>Configure a For Each loop step to extract href information to a comma-separated list.</LI><LI>Extract information from a webpage</LI></UL><P/><UL><LI><SPAN><STRONG>Module Overview</STRONG><BR/>In this lesson, you will learn about the scenario for our workflow and take a high-level look at the solution we will build.</SPAN></LI><LI><STRONG><SPAN>Configure Product Category URLs </SPAN></STRONG><SPAN><BR/>In this lesson, you will learn how to configure action steps to create product category URLs.</SPAN></LI><LI><STRONG><SPAN>Retrieve product link information</SPAN></STRONG><SPAN><BR/></SPAN><SPAN>In this lesson, you will learn how to reuse existing Desktop Automation robots in your workflow and loop over pages to extract product link information.</SPAN></LI><LI><STRONG><SPAN>Configure Product Category URLs </SPAN></STRONG><SPAN><BR/></SPAN><SPAN>In this lesson, you will learn how to configure action steps to create product URLs.</SPAN></LI><LI><STRONG><SPAN>Extracting information </SPAN></STRONG><BR/><SPAN>In this lesson, you will configure Desktop Automation robot to extract information from a webpage and return the information to variables in your workflow.</SPAN></LI></UL><P><SPAN><STRONG>Prerequisites:</STRONG></SPAN></P><P><SPAN>This module assumes that you are familiar with Web Automated robot concepts and you have completed:</SPAN></P><UL><LI><SPAN>The Kofax RPA Getting Started Learning path.</SPAN></LI><LI><SPAN>The first module in this series <STRONG>DA Workflow - Opening and Closing a webpage</STRONG>.</SPAN></LI></UL><P><SPAN/></P><P><SPAN><STRONG>Product Version(s):</STRONG> 11.0</SPAN></P></DIV><DIV class=""modal-footer""><BUTTON class=""btn btn-secondary"" data-bs-dismiss=""modal"" type=""button"">Close</BUTTON></DIV></DIV></DIV>",,Extracting information,afbae5802013204539cac7d0145df3ffa40b4ad
23,"<DIV class=""modal-dialog""><DIV class=""modal-content border border-secondary rounded""><DIV class=""modal-header""><H5 class=""modal-title"" id=""exampleModalLabel"">Guarded Choice Steps and Guards</H5><BUTTON aria-label=""Close"" class=""btn-close"" data-bs-dismiss=""modal"" type=""button""/></DIV><DIV class=""modal-body""><P>The Guarded Choice step is used to set up a number of conditions, each associated with some actions. Whichever condition or guard is satisfied first, its associated actions or steps are executed. One of the means to avoid robot execution issues utilized in RPA Desktop Automation logic is Guarded Choice steps and Guards. This module will focus on the different types of guarded choice steps available. We will then explore how to make a robot error-proof by using guarded choice steps and Guards.</P><UL><LI><SPAN><STRONG>Desktop Automation - Guarded Choice Step Introduction</STRONG></SPAN><BR/><SPAN>Here you will learn the purpose and different types of Guarded Choice and how to manually add a guarded step to a robot.</SPAN></LI><LI><STRONG><SPAN>Desktop Automation - Guarded Choice Step Demonstration</SPAN></STRONG><SPAN><BR/></SPAN><SPAN>Here you will learn how to improve a Desktop Automation robot by utilizing a loop step, a scroll step and guarded choice step.</SPAN></LI></UL><P><SPAN><STRONG>Prerequisites</STRONG></SPAN></P><P><SPAN>This module assumes that you are familiar with the Desktop Automation Robot concepts introduced in the &quot;</SPAN><SPAN><EM>Desktop Automation Concepts module</EM></SPAN><SPAN><EM>&quot;.</EM></SPAN></P><P><SPAN><EM/></SPAN></P><P><SPAN><EM><STRONG>Product Version(s):</STRONG> 11.0</EM></SPAN></P></DIV><DIV class=""modal-footer""><BUTTON class=""btn btn-secondary"" data-bs-dismiss=""modal"" type=""button"">Close</BUTTON></DIV></DIV></DIV>",,Guarded Choice Steps and Guards,2ad421b1b4909e3994e10ad24a9774264927778
24,"<DIV class=""modal-dialog""><DIV class=""modal-content border border-secondary rounded""><DIV class=""modal-header""><H5 class=""modal-title"" id=""exampleModalLabel"">Visit Multiple Web Pages</H5><BUTTON aria-label=""Close"" class=""btn-close"" data-bs-dismiss=""modal"" type=""button""/></DIV><DIV class=""modal-body""><P>In Kofax RPA you can create Desktop Automation robots that can automate work processes that involve interaction with applications, including Windows and Java applications on your networked computers. Because desktop Automation is different from web automation, Design Studio has a dedicated workflow language and steps for this purpose. In this module, we will build a workflow which will loop over webpages and retrieve information from individual product webpages on the Hardy Hardware web site. In this module, we will configure our workflow to retrieve all items from the Categories and Products web pages.</P><P/><P><STRONG><SPAN>Module Learning Objectives:</SPAN></STRONG></P><UL><LI><SPAN>Copy Desktop Automation workflows</SPAN></LI><LI><SPAN>Add a Scroll step to your workflow</SPAN></LI><LI><SPAN>Modify step configuration to access the <EM>All </EM>button on a web page.</SPAN></LI></UL><P/><P><SPAN><STRONG>Lessons</STRONG></SPAN><STRONG><SPAN>:</SPAN></STRONG></P><UL><LI><STRONG><SPAN>Overview</SPAN></STRONG><SPAN><BR/></SPAN><SPAN>In this lesson, you will learn about the scenario for our workflow and take a high-level look at the solution we will build.</SPAN></LI><LI><STRONG><SPAN>Visit Multiple Web Pages  </SPAN></STRONG><BR/><SPAN>In this lesson, you will copy a Desktop Automation robot to and configure it to visit all items on a web page.</SPAN></LI></UL><P><SPAN><STRONG>Prerequisites:</STRONG></SPAN></P><P><SPAN>This module assumes that you are familiar with Web Automated robot concepts and you have completed:</SPAN></P><UL><LI><SPAN> The Kofax RPA Getting Started Learning path.</SPAN></LI><LI><SPAN>Completion of the first module in this series -  <STRONG>DA Workflow - Opening and Closing a webpage</STRONG>.</SPAN></LI><LI><SPAN>Completion of the second module in this series -  </SPAN><STRONG><SPAN>DA Workflow - Extracting Information.</SPAN></STRONG></LI></UL><P><STRONG><SPAN/></STRONG></P><P><STRONG><SPAN>Product Version(s): 11.0</SPAN></STRONG></P></DIV><DIV class=""modal-footer""><BUTTON class=""btn btn-secondary"" data-bs-dismiss=""modal"" type=""button"">Close</BUTTON></DIV></DIV></DIV>",,Visit Multiple Web Pages,8bbad4dac5b3183f5f55eab076f4f241a99e5a
25,"<DIV class=""modal-dialog""><DIV class=""modal-content border border-secondary rounded""><DIV class=""modal-header""><H5 class=""modal-title"" id=""exampleModalLabel"">Desktop Automation Service </H5><BUTTON aria-label=""Close"" class=""btn-close"" data-bs-dismiss=""modal"" type=""button""/></DIV><DIV class=""modal-body""><P>In Kofax RPA, you can create Desktop Automation robots that can automate work processes on Windows and java applications on your networked computers. To automate applications on a remote computer, you need to install the Desktop Automation Service on that PC and connect the service to the Management Console.</P><P>In this module, we will look at installing the Desktop Automation Service on remote computers and how devices are mapped to the management console. </P><P/><UL><LI><SPAN><STRONG>Desktop Automation Service</STRONG><BR/>In this lesson, we will look at the Desktop Automation service and the installation procedure.</SPAN></LI><LI><SPAN><STRONG>Desktop Automation Service - Configuration</STRONG><BR/>In this lesson, we will review the steps required to configure the Desktop Automation service to use the Management Console connection or a Single User connection.</SPAN><SPAN><BR/></SPAN></LI><LI><STRONG><SPAN>Build a basic Desktop Automation robot</SPAN></STRONG><BR/>In this lesson, we will build a basic robot which interacts with a remote device.</LI></UL><P><SPAN><STRONG>Prerequisites</STRONG></SPAN><SPAN><BR/></SPAN></P><P><SPAN>This module assumes that you are familiar with the Desktop Automation Robot concepts introduced in the &quot;<EM>Introduction to Desktop Automation</EM>&quot; module.</SPAN></P><P><SPAN/></P><P><SPAN><STRONG>Product Version(s):</STRONG> 11.0</SPAN></P></DIV><DIV class=""modal-footer""><BUTTON class=""btn btn-secondary"" data-bs-dismiss=""modal"" type=""button"">Close</BUTTON></DIV></DIV></DIV>",,Desktop Automation Service,e9d6107a137f58b77ffcfbafa58058965fd4464
31,"<DIV class=""modal-dialog""><DIV class=""modal-content border border-secondary rounded""><DIV class=""modal-header""><H5 class=""modal-title"" id=""exampleModalLabel"">Working with a Custom Project</H5><BUTTON aria-label=""Close"" class=""btn-close"" data-bs-dismiss=""modal"" type=""button""/></DIV><DIV class=""modal-body""><P>Here you will learn how to configure a workflow using a custom project configured and trained to classify and extract information from a submitted electronic document. </P><P/><P><STRONG><SPAN>Module Objectives:</SPAN></STRONG></P><UL><LI><SPAN>Add validation steps to a Document Transformation workflow.</SPAN></LI><LI><SPAN>Configure Callback to send a validated document to an RPA workflow.</SPAN></LI><LI><SPAN>Extract invoice information from electronic invoice documents.</SPAN></LI></UL><P><SPAN><STRONG>Module Prerequisites:</STRONG></SPAN></P><UL><LI><SPAN>An understanding of Design Studio.</SPAN></LI><LI><SPAN>An understanding of web automation robots</SPAN></LI><LI><SPAN>Completed the <STRONG>DTS | </STRONG><STRONG>Document Transformation Service module</STRONG></SPAN></LI><LI><SPAN>Complete the <STRONG>DTS | Working with a Predefined Project</STRONG></SPAN></LI></UL><P><SPAN><STRONG>Lessons:</STRONG></SPAN></P><UL><LI><STRONG><SPAN>Working with a Custom Project</SPAN><SPAN><BR/></SPAN></STRONG><SPAN>In this lesson, we will take a look at Document Transformation workflow we will build to processes electronic invoices.</SPAN></LI><LI><STRONG><SPAN>Preparing the Workflow<BR/></SPAN></STRONG><SPAN>In this lesson, we will build the base structure for the invoice workflow. </SPAN></LI><LI><SPAN><STRONG>Document Transformation<BR/></STRONG></SPAN><SPAN>In this lesson, we will configure our Desktop Automation robot to send input documents to the Document Transformation server. </SPAN></LI><LI><SPAN><STRONG>Validation and Extraction<BR/></STRONG></SPAN><SPAN>In this lesson, we will configure our Desktop Automation robot to check if the transformed document is valid or not.</SPAN></LI><LI><SPAN><STRONG>Dealing with Callback<BR/></STRONG></SPAN><SPAN>In this lesson, we will configure callback so a REST robot URL is sent to the validation server. </SPAN><SPAN><BR/></SPAN></LI><LI><SPAN><STRONG>Your Turn<BR/></STRONG>In this lesson, you will practice working with a Document Transformation workflow.</SPAN></LI></UL><P><SPAN><STRONG/></SPAN></P><P><SPAN><STRONG>Product Version(s):</STRONG> 11.0</SPAN></P></DIV><DIV class=""modal-footer""><BUTTON class=""btn btn-secondary"" data-bs-dismiss=""modal"" type=""button"">Close</BUTTON></DIV></DIV></DIV>",,Working with a Custom Project,9b6547f5e8e46014b7394b699f9f77440f150ba
26,"<DIV class=""modal-dialog""><DIV class=""modal-content border border-secondary rounded""><DIV class=""modal-header""><H5 class=""modal-title"" id=""exampleModalLabel"">Robot File System Concepts</H5><BUTTON aria-label=""Close"" class=""btn-close"" data-bs-dismiss=""modal"" type=""button""/></DIV><DIV class=""modal-body""><P><STRONG>Module overview</STRONG></P><P>This module provides an introduction to the Robot File System (RFS). It introduces general concepts and gives an overview of the architecture. </P><P>The target audience is anyone who wants to know more about the Robot File System and how it can be used in robots. This includes administrators, architects, solution engineers as well as robot developers of any skill level.</P><P><STRONG>Learning objectives</STRONG></P><P>By the end of this module, you will be able to:</P><UL><LI>Understand the main concepts of the Robot File System and illustrate its benefits</LI><LI>Identify the main components that are part of the Robot File System and how they interact together</LI><LI>Understand the different roles and associated privileges that control access to the Robot File System</LI><LI>Understand how the Management Console grants access to a running robot</LI><LI>Provide some examples of how the Robot File System can be used in robots and highlight some limitations</LI></UL></DIV><DIV class=""modal-footer""><BUTTON class=""btn btn-secondary"" data-bs-dismiss=""modal"" type=""button"">Close</BUTTON></DIV></DIV></DIV>",,Robot File System Concepts,ae7efada6ea2ab2eff72e719d2245345e951ab
27,"<DIV class=""modal-dialog""><DIV class=""modal-content border border-secondary rounded""><DIV class=""modal-header""><H5 class=""modal-title"" id=""exampleModalLabel"">Configuring the Robot File System</H5><BUTTON aria-label=""Close"" class=""btn-close"" data-bs-dismiss=""modal"" type=""button""/></DIV><DIV class=""modal-body""><P><STRONG>Overview</STRONG></P><P>This module provides step-by-step instructions on installing the Robot File System application in a Tomcat server.</P><P>It starts with a short introduction highlighting the steps needed to install the Robot File System application and then proceeds with a practical exercise consisting of a video demonstration, details in the text, and an instruction guide that will allow you to follow the step-by-step instructions in your own tempo.</P><P><STRONG>Learning objectives</STRONG></P><P>By the end of this module, you will be:</P><UL><LI>Familiar with the main concepts relevant to installing the Robot File System application on a Tomcat server</LI><LI>Able to install and configure the application yourself</LI></UL></DIV><DIV class=""modal-footer""><BUTTON class=""btn btn-secondary"" data-bs-dismiss=""modal"" type=""button"">Close</BUTTON></DIV></DIV></DIV>",,Configuring the Robot File System,9750531c176bcf505be8183e44bf9a8bcbedaf9
28,"<DIV class=""modal-dialog""><DIV class=""modal-content border border-secondary rounded""><DIV class=""modal-header""><H5 class=""modal-title"" id=""exampleModalLabel"">Using the Robot File System</H5><BUTTON aria-label=""Close"" class=""btn-close"" data-bs-dismiss=""modal"" type=""button""/></DIV><DIV class=""modal-body""><P><STRONG>Overview</STRONG></P><P>This module provides an introduction to using the Robot File System (RFS). It shows how to create a robot that can read and write files to a Robot File System.</P><P>The target audience is anyone who wants to know more about the Robot File System and how it can be used in robots. This includes administrators, architects, solution engineers but is primarily targeted at robot developers of any skill level.</P><P>The module consists of a short introduction followed by a practical lesson that provides a demonstration video, more detailed information in text, and a step-by-step instruction manual so that you can follow along in your own tempo.</P><P/><P><STRONG>Learning objectives</STRONG></P><P>By the end of this module, you will be able to:</P><UL><LI>Understand the main concepts relevant to robots that make use of the Robot File System</LI><LI>Create a robot that reads and writes files on a Robot File System</LI></UL></DIV><DIV class=""modal-footer""><BUTTON class=""btn btn-secondary"" data-bs-dismiss=""modal"" type=""button"">Close</BUTTON></DIV></DIV></DIV>",,Using the Robot File System,6f3d2db051572e2f93e1ca67f33b34308eadeac3
29,"<DIV class=""modal-dialog""><DIV class=""modal-content border border-secondary rounded""><DIV class=""modal-header""><H5 class=""modal-title"" id=""exampleModalLabel"">Document Transformation Service</H5><BUTTON aria-label=""Close"" class=""btn-close"" data-bs-dismiss=""modal"" type=""button""/></DIV><DIV class=""modal-body""><P><STRONG>Module Overview:</STRONG></P><P>Here you will learn how to call the Document Transformation Server from a Desktop Automation step.</P><P> </P><P><STRONG>Module Objectives:</STRONG></P><UL><LI>Describe Document Transformation</LI><LI>Verify the Document Transformation service</LI><LI>List configuration options available in the Document Transformation step</LI></UL><P><STRONG>Module Prerequisites:</STRONG></P><UL><LI>An understanding of Design Studio.</LI><LI>Completed Kofax RPA  Learning Path - Desktop Automation Robot Basic Workflow</LI><LI>Have access to Kofax RPA</LI></UL><P/><P><STRONG>Product Version(s):</STRONG><SPAN> 11.0</SPAN></P></DIV><DIV class=""modal-footer""><BUTTON class=""btn btn-secondary"" data-bs-dismiss=""modal"" type=""button"">Close</BUTTON></DIV></DIV></DIV>",,Document Transformation Service,71323dc8978afd568cc696a9df9187beb7ae9e7
30,"<DIV class=""modal-dialog""><DIV class=""modal-content border border-secondary rounded""><DIV class=""modal-header""><H5 class=""modal-title"" id=""exampleModalLabel"">Working with a Predefined Project</H5><BUTTON aria-label=""Close"" class=""btn-close"" data-bs-dismiss=""modal"" type=""button""/></DIV><DIV class=""modal-body""><P>Here you will learn how to configure a workflow using the Sentiment predefined project to return a sentiment value for a submitted document.</P><P/><P><STRONG><SPAN>Module Objectives:</SPAN></STRONG></P><UL><LI><SPAN>Build a workflow using the Sentiment predefined project</SPAN></LI><LI><SPAN>Extract a sentiment value from a document</SPAN></LI><LI><SPAN>Return a Sentiment value to a Web Automation workflow</SPAN></LI></UL><P><SPAN><STRONG>Module Prerequisites:</STRONG></SPAN></P><UL><LI><SPAN>An understanding of Design Studio.</SPAN></LI><LI><SPAN>Completed the <STRONG>DTS | </STRONG><STRONG>Document Transformation Service module</STRONG></SPAN></LI></UL><P><SPAN><STRONG>Lessons:</STRONG></SPAN></P><UL><LI><STRONG><SPAN>Working with the Sentiment Project</SPAN><SPAN><BR/></SPAN></STRONG><SPAN>In this lesson, you will learn about the Document Transformation and look at how it can be implemented in a workflow.</SPAN></LI><LI><SPAN><STRONG>Your Turn<BR/></STRONG>In this lesson, you will practice working with a Document Transformation workflow.</SPAN></LI></UL><P><SPAN/></P><P><SPAN><STRONG>Product Version(s):</STRONG> 11.0</SPAN></P></DIV><DIV class=""modal-footer""><BUTTON class=""btn btn-secondary"" data-bs-dismiss=""modal"" type=""button"">Close</BUTTON></DIV></DIV></DIV>",,Working with a Predefined Project,4599255f7647e67a2e5d92763cfd33bec91d5a7
32,"<DIV class=""modal-dialog""><DIV class=""modal-content border border-secondary rounded""><DIV class=""modal-header""><H5 class=""modal-title"" id=""exampleModalLabel"">Document Transformation and Validation</H5><BUTTON aria-label=""Close"" class=""btn-close"" data-bs-dismiss=""modal"" type=""button""/></DIV><DIV class=""modal-body""><P><STRONG>Module Overview:</STRONG></P><P>In this module, we build a robot that extracts information from scanned documents and integrates it with a validation server.<BR/>We explore a document transformation scenario that involves building a robot that can extract data from a scanned survey form and is able to forward documents to a validation server if the classification or extraction confidence is too low and let a person confirm or correct the results.</P><P><STRONG>Module Prerequisites:</STRONG></P><P>This module involves configuration and workflow steps that go beyond a straightforward Document Transformation step.</P><P>If you need a refresher on the basics of using a Document Transformation step with a custom transformation project, you are highly encouraged to have a look a the following learning cloud module:</P><P><A href=""/learningcloud/course:221/module:3605/screen:CM"" rel=""noopener noreferrer"" target=""_blank""><STRONG>DTS | Document Transformation Service</STRONG></A></P><P> </P><P><STRONG>Module Objectives:</STRONG></P><P>After completing this module you should be able to</P><UL><LI>identify the components of a Document Transformation solution that may involve validation</LI><LI>understand the steps in an RPA workflow that perform document transformation and validation</LI><LI>build a robot that implements a workflow that involves document transformation and validation</LI></UL><P> </P></DIV><DIV class=""modal-footer""><BUTTON class=""btn btn-secondary"" data-bs-dismiss=""modal"" type=""button"">Close</BUTTON></DIV></DIV></DIV>",,Document Transformation and Validation,976249deeb438f6959b910d7e9fb88af4c629dd4
33,"<DIV class=""modal-dialog""><DIV class=""modal-content border border-secondary rounded""><DIV class=""modal-header""><H5 class=""modal-title"" id=""exampleModalLabel"">Attended Automation</H5><BUTTON aria-label=""Close"" class=""btn-close"" data-bs-dismiss=""modal"" type=""button""/></DIV><DIV class=""modal-body""><P><STRONG>Module Overview:</STRONG></P><P>Attended automation is a way to automate remote computers by creating a robot that reacts to an event on that remote device, such as the opening or closing of an application. In this module, we will explore attended automation and build a basic attended automation robot.</P><P> </P><P><STRONG>Module Objectives:</STRONG></P><UL><LI>Define attended automation</LI><LI>Build a basic attended automation workflow</LI><LI>Upload an attended automation robot to the management console</LI></UL><P><STRONG>Module  Prerequisites</STRONG></P><P>It is recommended you complete the following learning path:</P><UL><LI>Robot Developer | Desktop Automation Robot Basic Workflow</LI></UL></DIV><DIV class=""modal-footer""><BUTTON class=""btn btn-secondary"" data-bs-dismiss=""modal"" type=""button"">Close</BUTTON></DIV></DIV></DIV>",,Attended Automation,c2aa31409b3884396f8c131577c10369d5ec324
34,"<DIV class=""modal-dialog""><DIV class=""modal-content border border-secondary rounded""><DIV class=""modal-header""><H5 class=""modal-title"" id=""exampleModalLabel"">RPA 11 | Using Custom Actions</H5><BUTTON aria-label=""Close"" class=""btn-close"" data-bs-dismiss=""modal"" type=""button""/></DIV><DIV class=""modal-body""><P><STRONG>Module Overview:</STRONG></P><P>This module introduces Customs Actions and the practical lessons focus on developing a robot that uses a Custom Action and on making sure the robot can run on a RoboServer. It is aimed at anybody who wants to use Custom Actions or simply wants to learn the concepts.</P><P><STRONG>Module Objectives:</STRONG></P><P>After completing this module you should be able to</P><UL><LI>understand what Custom Actions are and what their relation is to connector packages</LI><LI>import  connector packages in an RPA project</LI><LI>use custom actions</LI><LI>make sure a robot with a Custom Action can be run on a RoboServer.</LI></UL><P><STRONG>Module Prerequisites:</STRONG></P><P>The practical lessons focus on using Custom Actions that are defined in a connector package. This package is provided for download in the resources section. You do not need any programming skills to use a connector package. You can always use Custom Actions while developing robots in the Design Studio, but to run a robot with a Custom Action on a RoboServer, you may need to have access to the RoboServer itself to enable this feature. Details are provided in the last lesson.</P></DIV><DIV class=""modal-footer""><BUTTON class=""btn btn-secondary"" data-bs-dismiss=""modal"" type=""button"">Close</BUTTON></DIV></DIV></DIV>",,RPA 11 | Using Custom Actions,b78f7d7b1320413ab2576d1ec4d86744bc6eb037
35,"<DIV class=""modal-dialog""><DIV class=""modal-content border border-secondary rounded""><DIV class=""modal-header""><H5 class=""modal-title"" id=""exampleModalLabel"">RPA 11 | Developing Custom Actions</H5><BUTTON aria-label=""Close"" class=""btn-close"" data-bs-dismiss=""modal"" type=""button""/></DIV><DIV class=""modal-body""><P><STRONG>Module Overview:</STRONG></P><P>A Custom Action can then be used by any robot developer in the same way other steps can be used, regardless of their skill level. In this module, we have two practical lessons that walk you step by step through creating new Custom Actions.</P><P><STRONG>Module Objectives:</STRONG></P><P>After completing this module you should be able to</P><UL><LI>extend an existing connector package with an action written in Node.js</LI><LI>create a new connector package with actions written in Python</LI><LI>understand and change the manifest of a connector package</LI><LI>identify the specific prerequisites for Python-based custom actions</LI></UL><P><STRONG>Module Prerequisites:</STRONG></P><P>In the lessons, new Custom Actions are developed in Node.js and Python, but code examples are provided that you can use directly, even if you do not have experience in using these languages.\nSome programming skills are of course required but if your experience is with another programming language you&apos;ll probably have no problems following these lessons.</P></DIV><DIV class=""modal-footer""><BUTTON class=""btn btn-secondary"" data-bs-dismiss=""modal"" type=""button"">Close</BUTTON></DIV></DIV></DIV>",,RPA 11 | Developing Custom Actions,fda595f106899ea27c798ec60fac65de76f52
36,"<DIV class=""modal-dialog""><DIV class=""modal-content border border-secondary rounded""><DIV class=""modal-header""><H5 class=""modal-title"" id=""exampleModalLabel"">RPA | Best practices</H5><BUTTON aria-label=""Close"" class=""btn-close"" data-bs-dismiss=""modal"" type=""button""/></DIV><DIV class=""modal-body""><P><STRONG>Module Overview:</STRONG></P><P>Building robots in Kofax RPA is fairly easy to learn, but as soon as a robot is needed that solves a more complex problem, it may become harder to design one that meets requirements, functions reliably, is easy to understand and maintain, and offers quick returns in the time invested in its development.</P><P>This module addresses these areas by offering guidance in the form of best practices and tips.</P><P><STRONG>Module Objectives:</STRONG></P><P>After completing this module you should know the most common best practices in the following areas:</P><UL><LI>Documentation</LI><LI>Solution Design</LI><LI>Patterns and anti-patterns in robots</LI><LI/></UL><UL><LI>Desktop Automation specific design</LI><LI>Debugging and testing</LI></UL><P><STRONG>Module Prerequisites:</STRONG></P><P>There are no specific prerequisites for this module, and although most examples and videos use version 11.2, best practices apply equally to all versions. In those instances where we use a feature that is only available in a newer version, this will be clearly indicated.</P><P> </P></DIV><DIV class=""modal-footer""><BUTTON class=""btn btn-secondary"" data-bs-dismiss=""modal"" type=""button"">Close</BUTTON></DIV></DIV></DIV>",,RPA | Best practices,3de3e64d3ce20b7212f257c5f133e2ec4d70e3
37,"<DIV class=""modal-dialog""><DIV class=""modal-content border border-secondary rounded""><DIV class=""modal-header""><H5 class=""modal-title"" id=""exampleModalLabel"">RPA | Running Robots using the API</H5><BUTTON aria-label=""Close"" class=""btn-close"" data-bs-dismiss=""modal"" type=""button""/></DIV><DIV class=""modal-body""><P><SPAN style=""text-decoration: underline;""><STRONG>Module Overview:</STRONG></SPAN></P><P>In this module, we introduce the Application Programming Interfaces (APIs) provided with Kofax RPA and show some working examples of .Net applications written in C#.</P><P>The programs that we present are meant as a starting point for programmers who wish to run robots directly from their application.</P><P>We show examples that use the .Net API as well as an example that uses the Kofax RPA REST API, and although this module is not a programming tutorial, we do illustrate the available features in the APIs by discussing the example code.</P><P><SPAN style=""text-decoration: underline;""><STRONG>Module Objectives:</STRONG></SPAN></P><P>After completing this module you should be able to:</P><UL><LI>Run a robot from a C# application and retrieve any results</LI><LI>Queue a robot from a C# application and process any results asynchronously</LI><LI>Create a C# application that uses the tasks REST API to queue robots and poll for results</LI><LI>Understand the differences between the functionality available in the different APIs</LI></UL><P><SPAN style=""text-decoration: underline;""><STRONG>Prerequisites:</STRONG></SPAN></P><UL><LI>RPA version 11.2.0.5  or newer.</LI><LI>Basic programming knowledge</LI></UL></DIV><DIV class=""modal-footer""><BUTTON class=""btn btn-secondary"" data-bs-dismiss=""modal"" type=""button"">Close</BUTTON></DIV></DIV></DIV>",,RPA | Running Robots using the API,2b15ab4ef514c6e8146ab5bdc19abd0451f9cb5
